Count,Organizer,PidNameCalendarIsOrganizer,From,Sender,Subject,Class,DisplayTo,DisplayCc,ICalDateTimeStamp,ICalUid,CleanGlobalObjectId,GlobalObjectId,LastModifiedName,LastModifiedTime,DateTimeCreated,DateTimeReceived,Size,IsHidden,ClientInfoString,PidLidClientIntent,LogTriggerAction ,FolderPath,StoreEntryId,UniqueId,StreetAddress,Subfolder,Subfolders,Subject,SubjectPrefix,SubmitFlags,Surname
1,Dan Bagley <danba@microsoft.com>,,,,ExRCA Test Appointment,IPM.Appointment,,,12/1/2017 9:30:17 AM,040000008200E00074C5B7101A82E008000000008F5C346ED763D3010000000000000000100000004B0DCC28F3D3B840908F9319273E158E,BAAAAIIA4AB0xbcQGoLgCAAAAACPXDRu12PTAQAAAAAAAAAAEAAAAEsNzCjz07hAkI+TGSc+FY4=,BAAAAIIA4AB0xbcQGoLgCAAAAACPXDRu12PTAQAAAAAAAAAAEAAAAEsNzCjz07hAkI+TGSc+FY4=,Dan Bagley,12/1/2017 9:30:17 AM,11/22/2017 4:18:24 PM,11/22/2017 4:18:24 PM,3585,,Client=MSExchangeRPC,0,Update,\Calendar,AAAAADihuxAF5RAaobsIACsqVsIAAEVNU01EQi5ETEwAAAAAAAAAABtV+iCqZhHNm8gAqgAvxFoMAAAARE01UFIyMU1CMDE0MC5uYW1wcmQyMS5wcm9kLm91dGxvb2suY29tACIn0Rehz8RCsHHVxOmeWP+yDWnNAjBdRJGKXyS93i5m,AAMkADE3ZDEyNzIyLWNmYTEtNDJjNC1iMDcxLWQ1YzRlOTllNThmZgBGAAAAAAAPhJtWhlq+R7kfwUCSYEOdBwAR7ZLzvL8SS65OYqkrzuiyAAAAjIfyAAAikc2vTetWTIJLurxgP6UyAABml6hjAAA=,,,,ExRCA Test Appointment
2,CSS Charlotte Site Communication <cssccom@microsoft.com>,,,,CSS Baking Contest - Come taste your coworkers sweets!,IPM.Appointment,CSS Charlotte Site Communication; CSS North Carolina FTE; CSS Charlotte CS,,11/20/2017 12:44:55 PM,040000008200E00074C5B7101A82E0080000000030AFB65DFD61D301000000000000000010000000F2F1C407694C9345B37E62E162D81B97,BAAAAIIA4AB0xbcQGoLgCAAAAAAwr7Zd/WHTAQAAAAAAAAAAEAAAAPLxxAdpTJNFs35i4WLYG5c=,BAAAAIIA4AB0xbcQGoLgCAAAAAAwr7Zd/WHTAQAAAAAAAAAAEAAAAPLxxAdpTJNFs35i4WLYG5c=,Dan Bagley,12/6/2017 2:31:18 PM,11/20/2017 12:45:12 PM,11/20/2017 12:45:12 PM,181715,,Client=MSExchangeRPC,0,Update,\Calendar,AAAAADihuxAF5RAaobsIACsqVsIAAEVNU01EQi5ETEwAAAAAAAAAABtV+iCqZhHNm8gAqgAvxFoMAAAARE01UFIyMU1CMDE0MC5uYW1wcmQyMS5wcm9kLm91dGxvb2suY29tACIn0Rehz8RCsHHVxOmeWP+yDWnNAjBdRJGKXyS93i5m,AAMkADE3ZDEyNzIyLWNmYTEtNDJjNC1iMDcxLWQ1YzRlOTllNThmZgBGAAAAAAAPhJtWhlq+R7kfwUCSYEOdBwAR7ZLzvL8SS65OYqkrzuiyAAAAjIfyAAAikc2vTetWTIJLurxgP6UyAABmZ4tAAAA=,,,,CSS Baking Contest - Come taste your coworkers sweets!
3,Dan Bagley <danba@microsoft.com>,,,,test,IPM.Appointment,Dan Bagley,,11/6/2017 10:06:38 AM,040000008200E00074C5B7101A82E0080000000070EF43FF9C54D3010000000000000000100000009D6698788C81A549A7B2806510492E9E,BAAAAIIA4AB0xbcQGoLgCAAAAABw70P/nFTTAQAAAAAAAAAAEAAAAJ1mmHiMgaVJp7KAZRBJLp4=,BAAAAIIA4AB0xbcQGoLgCAAAAABw70P/nFTTAQAAAAAAAAAAEAAAAJ1mmHiMgaVJp7KAZRBJLp4=,Dan Bagley,11/6/2017 10:06:38 AM,11/3/2017 12:12:37 PM,11/3/2017 12:12:19 PM,12450,,Client=MSExchangeRPC,0,Update,\Calendar,AAAAADihuxAF5RAaobsIACsqVsIAAEVNU01EQi5ETEwAAAAAAAAAABtV+iCqZhHNm8gAqgAvxFoMAAAARE01UFIyMU1CMDE0MC5uYW1wcmQyMS5wcm9kLm91dGxvb2suY29tACIn0Rehz8RCsHHVxOmeWP+yDWnNAjBdRJGKXyS93i5m,AAMkADE3ZDEyNzIyLWNmYTEtNDJjNC1iMDcxLWQ1YzRlOTllNThmZgBGAAAAAAAPhJtWhlq+R7kfwUCSYEOdBwAR7ZLzvL8SS65OYqkrzuiyAAAAjIfyAABxrVcaO0n2RIgWGRRU13/JAACRB3x4AAA=,,,,test
4,CSS Charlotte Site Communication <cssccom@microsoft.com>,,,,Canceled: CSS Baking Contest,IPM.Appointment,CSS Charlotte Site Communication; CSS North Carolina FTE,Kim Johnson; Larisa Brown; Brandon James; David Dietz; Scott Olson; Steve Light; Brad Wilson; Dana Abulebdeh; Robert Evans (OUTLOOK); Trevor Hancock; Robert Beene; Steve Martin (CSS SECURITY); Keith Thornley; Terrell Headen; Thomas C. Finney; Rich Chambers; Richard Roddy; John Rosa; Danielle Volman; Lexi Falcone-Feldmeth; Bob Golding; Samuel Blackmon; Melissa Street; Paul Reynolds; Chris Allen; Frederico Guimaraes dos Santos; Walt Whitman; Patrick Dougherty; Kathleen Napodano; Matthew Huynh; Vishal Bajaj; Katie McGowan; David Komito; Cameron Lathrop; Marlon Joris,10/11/2017 10:04:26 AM,040000008200E00074C5B7101A82E008000000003044F129643CD301000000000000000010000000C9DD15013BD78A4F8B92F2DCB18F9669,BAAAAIIA4AB0xbcQGoLgCAAAAAAwRPEpZDzTAQAAAAAAAAAAEAAAAMndFQE714pPi5Ly3LGPlmk=,BAAAAIIA4AB0xbcQGoLgCAAAAAAwRPEpZDzTAQAAAAAAAAAAEAAAAMndFQE714pPi5Ly3LGPlmk=,Dan Bagley,10/16/2017 4:49:32 PM,10/3/2017 4:27:30 PM,10/3/2017 4:27:30 PM,246932,,Client=MSExchangeRPC,0,Update,\Calendar,AAAAADihuxAF5RAaobsIACsqVsIAAEVNU01EQi5ETEwAAAAAAAAAABtV+iCqZhHNm8gAqgAvxFoMAAAARE01UFIyMU1CMDE0MC5uYW1wcmQyMS5wcm9kLm91dGxvb2suY29tACIn0Rehz8RCsHHVxOmeWP+yDWnNAjBdRJGKXyS93i5m,AAMkADE3ZDEyNzIyLWNmYTEtNDJjNC1iMDcxLWQ1YzRlOTllNThmZgBGAAAAAAAPhJtWhlq+R7kfwUCSYEOdBwAR7ZLzvL8SS65OYqkrzuiyAAAAjIfyAAAikc2vTetWTIJLurxgP6UyAABFvtGCAAA=,,,,Canceled: CSS Baking Contest,Canceled:
5,Dan Bagley <danba@microsoft.com>,,,,test test's Anniversary,IPM.Appointment,,,9/21/2017 11:18:39 AM,040000008200E00074C5B7101A82E0080000000040FFD19E5C2DD30100000000000000001000000087AAF96C4BDCF44B9458A5B2D76A9B30,BAAAAIIA4AB0xbcQGoLgCAAAAABA/9GeXC3TAQAAAAAAAAAAEAAAAIeq+WxL3PRLlFilstdqmzA=,BAAAAIIA4AB0xbcQGoLgCAAAAABA/9GeXC3TAQAAAAAAAAAAEAAAAIeq+WxL3PRLlFilstdqmzA=,Dan Bagley,9/21/2017 11:18:39 AM,9/14/2017 1:23:22 PM,9/14/2017 1:23:14 PM,4008,,Client=MSExchangeRPC,0,Update,\Calendar,AAAAADihuxAF5RAaobsIACsqVsIAAEVNU01EQi5ETEwAAAAAAAAAABtV+iCqZhHNm8gAqgAvxFoMAAAARE01UFIyMU1CMDE0MC5uYW1wcmQyMS5wcm9kLm91dGxvb2suY29tACIn0Rehz8RCsHHVxOmeWP+yDWnNAjBdRJGKXyS93i5m,AAMkADE3ZDEyNzIyLWNmYTEtNDJjNC1iMDcxLWQ1YzRlOTllNThmZgBGAAAAAAAPhJtWhlq+R7kfwUCSYEOdBwAR7ZLzvL8SS65OYqkrzuiyAAAAjIfyAABxrVcaO0n2RIgWGRRU13/JAACRB3xeAAA=,,,,test test's Anniversary
6,Dan Bagley <danba@microsoft.com>,,,,test test's Birthday,IPM.Appointment,,,9/14/2017 1:23:14 PM,040000008200E00074C5B7101A82E00800000000B0BDCB9E5C2DD30100000000000000001000000098FCDAD7CE5B4544B5ED6242C86CF199,BAAAAIIA4AB0xbcQGoLgCAAAAACwvcueXC3TAQAAAAAAAAAAEAAAAJj82tfOW0VEte1iQshs8Zk=,BAAAAIIA4AB0xbcQGoLgCAAAAACwvcueXC3TAQAAAAAAAAAAEAAAAJj82tfOW0VEte1iQshs8Zk=,Dan Bagley,9/14/2017 1:23:14 PM,9/14/2017 1:23:20 PM,9/14/2017 1:23:14 PM,4003,,Client=MSExchangeRPC,0,Create,\Calendar,AAAAADihuxAF5RAaobsIACsqVsIAAEVNU01EQi5ETEwAAAAAAAAAABtV+iCqZhHNm8gAqgAvxFoMAAAARE01UFIyMU1CMDE0MC5uYW1wcmQyMS5wcm9kLm91dGxvb2suY29tACIn0Rehz8RCsHHVxOmeWP+yDWnNAjBdRJGKXyS93i5m,AAMkADE3ZDEyNzIyLWNmYTEtNDJjNC1iMDcxLWQ1YzRlOTllNThmZgBGAAAAAAAPhJtWhlq+R7kfwUCSYEOdBwAR7ZLzvL8SS65OYqkrzuiyAAAAjIfyAABxrVcaO0n2RIgWGRRU13/JAACRB3xdAAA=,,,,test test's Birthday
7,MAPI Developer Support <mapiprg@microsoft.com>,,,,This is a test,IPM.Appointment,MAPI Developer Support; Stephen Griffin,,5/23/2017 9:44:07 AM,040000008200E00074C5B7101A82E00800000000F174DDA5CAD3D2010000000000000000100000005758BF1976776741AEC6C60A4D8739A4,BAAAAIIA4AB0xbcQGoLgCAAAAADxdN2lytPSAQAAAAAAAAAAEAAAAFdYvxl2d2dBrsbGCk2HOaQ=,BAAAAIIA4AB0xbcQGoLgCAAAAADxdN2lytPSAQAAAAAAAAAAEAAAAFdYvxl2d2dBrsbGCk2HOaQ=,Dan Bagley,5/24/2017 9:46:17 AM,5/23/2017 9:44:14 AM,5/23/2017 9:44:14 AM,9010,,Client=MSExchangeRPC,0,Update,\Calendar,AAAAADihuxAF5RAaobsIACsqVsIAAEVNU01EQi5ETEwAAAAAAAAAABtV+iCqZhHNm8gAqgAvxFoMAAAARE01UFIyMU1CMDE0MC5uYW1wcmQyMS5wcm9kLm91dGxvb2suY29tACIn0Rehz8RCsHHVxOmeWP+yDWnNAjBdRJGKXyS93i5m,AAMkADE3ZDEyNzIyLWNmYTEtNDJjNC1iMDcxLWQ1YzRlOTllNThmZgBGAAAAAAAPhJtWhlq+R7kfwUCSYEOdBwAR7ZLzvL8SS65OYqkrzuiyAAAAjIfyAADKODslmlqUQpZ2VxWMv0ngAAAHRX34AAA=,,,,This is a test
8,Gerd.Hammer@t-systems.com <Gerd.Hammer@t-systems.com>,,,,[REG:117041115587234]  RE: Merck - Outlook War room - IM Plug In Test - Laptop stats - follow up,IPM.Appointment,Gerd.Hammer@t-systems.com; Dan Bagley; Marcus.Zweiboehmer@t-systems.com,Johannes.Loew@t-systems.com,5/17/2017 11:10:28 AM,040000008200E00074C5B7101A82E00800000000905100E512CFD20100000000000000001000000083EF2A4CFD071148B84B402E4EC65A2C,BAAAAIIA4AB0xbcQGoLgCAAAAACQUQDlEs/SAQAAAAAAAAAAEAAAAIPvKkz9BxFIuEtALk7GWiw=,BAAAAIIA4AB0xbcQGoLgCAAAAACQUQDlEs/SAQAAAAAAAAAAEAAAAIPvKkz9BxFIuEtALk7GWiw=,Dan Bagley,5/17/2017 3:00:54 PM,5/17/2017 10:43:24 AM,5/17/2017 7:48:22 AM,12349,,Client=MSExchangeRPC,0,Update,\Calendar,AAAAADihuxAF5RAaobsIACsqVsIAAEVNU01EQi5ETEwAAAAAAAAAABtV+iCqZhHNm8gAqgAvxFoMAAAARE01UFIyMU1CMDE0MC5uYW1wcmQyMS5wcm9kLm91dGxvb2suY29tACIn0Rehz8RCsHHVxOmeWP+yDWnNAjBdRJGKXyS93i5m,AAMkADE3ZDEyNzIyLWNmYTEtNDJjNC1iMDcxLWQ1YzRlOTllNThmZgBGAAAAAAAPhJtWhlq+R7kfwUCSYEOdBwAR7ZLzvL8SS65OYqkrzuiyAAAAjIfyAABxrVcaO0n2RIgWGRRU13/JAAB6DKI2AAA=,,,,[REG:117041115587234]  RE: Merck - Outlook War room - IM Plug In Test - Laptop stats - follow up
9,Dan Bagley <danba@microsoft.com>,,,,test,IPM.Appointment,Dan Bagley,,12/6/2017 9:49:05 AM,040000008200E00074C5B7101A82E00800000000E0D822964B55D20100000000000000001000000077700C64E8777C46A4CE5DE97DBC8F90,BAAAAIIA4AB0xbcQGoLgCAAAAADg2CKWS1XSAQAAAAAAAAAAEAAAAHdwDGTod3xGpM5d6X28j5A=,BAAAAIIA4AB0xbcQGoLgCAAAAADg2CKWS1XSAQAAAAAAAAAAEAAAAHdwDGTod3xGpM5d6X28j5A=,Dan Bagley,12/6/2017 9:49:05 AM,12/13/2016 2:31:11 PM,12/13/2016 2:31:08 PM,42147,,Client=MSExchangeRPC,0,Update,\Calendar,AAAAADihuxAF5RAaobsIACsqVsIAAEVNU01EQi5ETEwAAAAAAAAAABtV+iCqZhHNm8gAqgAvxFoMAAAARE01UFIyMU1CMDE0MC5uYW1wcmQyMS5wcm9kLm91dGxvb2suY29tACIn0Rehz8RCsHHVxOmeWP+yDWnNAjBdRJGKXyS93i5m,AAMkADE3ZDEyNzIyLWNmYTEtNDJjNC1iMDcxLWQ1YzRlOTllNThmZgBGAAAAAAAPhJtWhlq+R7kfwUCSYEOdBwAR7ZLzvL8SS65OYqkrzuiyAAAAjIfyAAATi1dys5KiTYjQdU3KXtHXAAF8JxLoAAA=,,,,test
10,Dan Bagley <danba@microsoft.com>,,,,good test montly,IPM.Appointment,Dan Bagley,,12/11/2017 10:01:02 AM,040000008200E00074C5B7101A82E00800000000C0238F329050D201000000000000000010000000F6E3904DF504FD42BA04773C3D419F06,BAAAAIIA4AB0xbcQGoLgCAAAAADAI48ykFDSAQAAAAAAAAAAEAAAAPbjkE31BP1CugR3PD1BnwY=,BAAAAIIA4AB0xbcQGoLgCAAAAADAI48ykFDSAQAAAAAAAAAAEAAAAPbjkE31BP1CugR3PD1BnwY=,Dan Bagley,12/11/2017 10:01:02 AM,12/7/2016 1:46:02 PM,12/7/2016 1:45:40 PM,42969,,Client=MSExchangeRPC,0,Update,\Calendar,AAAAADihuxAF5RAaobsIACsqVsIAAEVNU01EQi5ETEwAAAAAAAAAABtV+iCqZhHNm8gAqgAvxFoMAAAARE01UFIyMU1CMDE0MC5uYW1wcmQyMS5wcm9kLm91dGxvb2suY29tACIn0Rehz8RCsHHVxOmeWP+yDWnNAjBdRJGKXyS93i5m,AAMkADE3ZDEyNzIyLWNmYTEtNDJjNC1iMDcxLWQ1YzRlOTllNThmZgBGAAAAAAAPhJtWhlq+R7kfwUCSYEOdBwAR7ZLzvL8SS65OYqkrzuiyAAAAjIfyAAATi1dys5KiTYjQdU3KXtHXAAF8JxLmAAA=,,,,good test montly
11,Stephen Griffin <sgriffin@microsoft.com>,,,,Test yearly,IPM.Appointment,Stephen Griffin; Dan Bagley,,9/28/2015 6:19:09 AM,44200FB4FE0D4CADA0C33881751F35060,BAAAAIIA4AB0xbcQGoLgCAAAAAAAAAAAAAAAAAAAAAAAAAAALgAAAHZDYWwtVWlkAQAAADQ0MjAwRkI0RkUwRDRDQURBMEMzMzg4MTc1MUYzNTA2MAA=,BAAAAIIA4AB0xbcQGoLgCAAAAAAAAAAAAAAAAAAAAAAAAAAALgAAAHZDYWwtVWlkAQAAADQ0MjAwRkI0RkUwRDRDQURBMEMzMzg4MTc1MUYzNTA2MAA=,Dan Bagley,10/2/2017 10:31:23 AM,10/22/2014 9:48:50 AM,10/22/2014 9:45:20 AM,6414,,Client=MSExchangeRPC,0,Update,\Calendar,AAAAADihuxAF5RAaobsIACsqVsIAAEVNU01EQi5ETEwAAAAAAAAAABtV+iCqZhHNm8gAqgAvxFoMAAAARE01UFIyMU1CMDE0MC5uYW1wcmQyMS5wcm9kLm91dGxvb2suY29tACIn0Rehz8RCsHHVxOmeWP+yDWnNAjBdRJGKXyS93i5m,AAMkADE3ZDEyNzIyLWNmYTEtNDJjNC1iMDcxLWQ1YzRlOTllNThmZgBGAAAAAAAPhJtWhlq+R7kfwUCSYEOdBwAR7ZLzvL8SS65OYqkrzuiyAAAAjIfyAAATi1dys5KiTYjQdU3KXtHXAAABXUodAAA=,,,,Test yearly
12,Dan Bagley <danba@microsoft.com>,,,,test meeting yearly no attendees,IPM.Appointment,Dan Bagley,,12/10/2013 1:13:52 PM,040000008200E00074C5B7101A82E00800000000C03F37F1A2F5CE010000000000000000100000008E97731EEB811745AD2117BAD3D7BFF1,BAAAAIIA4AB0xbcQGoLgCAAAAADAPzfxovXOAQAAAAAAAAAAEAAAAI6Xcx7rgRdFrSEXutPXv/E=,BAAAAIIA4AB0xbcQGoLgCAAAAADAPzfxovXOAQAAAAAAAAAAEAAAAI6Xcx7rgRdFrSEXutPXv/E=,Dan Bagley,12/11/2017 10:01:04 AM,12/10/2013 12:25:07 PM,12/10/2013 12:25:42 PM,10897,,Client=MSExchangeRPC,0,Update,\Calendar,AAAAADihuxAF5RAaobsIACsqVsIAAEVNU01EQi5ETEwAAAAAAAAAABtV+iCqZhHNm8gAqgAvxFoMAAAARE01UFIyMU1CMDE0MC5uYW1wcmQyMS5wcm9kLm91dGxvb2suY29tACIn0Rehz8RCsHHVxOmeWP+yDWnNAjBdRJGKXyS93i5m,AAMkADE3ZDEyNzIyLWNmYTEtNDJjNC1iMDcxLWQ1YzRlOTllNThmZgBGAAAAAAAPhJtWhlq+R7kfwUCSYEOdBwAR7ZLzvL8SS65OYqkrzuiyAAAAjIfyAAAWr5IeYQQBTIN3xVR9csBoADJ2qZKUAAA=,,,,test meeting yearly no attendees
13,Dan Bagley <danba@microsoft.com>,,,,Test yearly,IPM.Appointment,Dan Bagley,,12/11/2017 10:01:05 AM,040000008200E00074C5B7101A82E00800000000400A01A2A1F5CE0100000000000000001000000056B776BFFE23524E989E49B65B50665B,BAAAAIIA4AB0xbcQGoLgCAAAAABACgGiofXOAQAAAAAAAAAAEAAAAFa3dr/+I1JOmJ5JtltQZls=,BAAAAIIA4AB0xbcQGoLgCAAAAABACgGiofXOAQAAAAAAAAAAEAAAAFa3dr/+I1JOmJ5JtltQZls=,Dan Bagley,12/11/2017 10:01:05 AM,12/10/2013 12:15:51 PM,12/10/2013 12:16:19 PM,10672,,Client=MSExchangeRPC,0,Update,\Calendar,AAAAADihuxAF5RAaobsIACsqVsIAAEVNU01EQi5ETEwAAAAAAAAAABtV+iCqZhHNm8gAqgAvxFoMAAAARE01UFIyMU1CMDE0MC5uYW1wcmQyMS5wcm9kLm91dGxvb2suY29tACIn0Rehz8RCsHHVxOmeWP+yDWnNAjBdRJGKXyS93i5m,AAMkADE3ZDEyNzIyLWNmYTEtNDJjNC1iMDcxLWQ1YzRlOTllNThmZgBGAAAAAAAPhJtWhlq+R7kfwUCSYEOdBwAR7ZLzvL8SS65OYqkrzuiyAAAAjIfyAAAWr5IeYQQBTIN3xVR9csBoADJ2qZKTAAA=,,,,Test yearly
